{
  "H": [
    [
      -0.0037134605285228045,
      0.0007064721374507506,
      2.4776790210045525
    ],
    [
      0.0015424583418283662,
      3.663987257326104e-06,
      1.4749328169160285
    ],
    [
      0.0005603217181643017,
      -0.0012479542358892622,
      1.0
    ]
  ],
  "image_points": [
    [
      388.0,
      106.0
    ],
    [
      716.0,
      99.0
    ],
    [
      1057.0,
      88.0
    ],
    [
      1059.0,
      428.0
    ],
    [
      719.0,
      429.0
    ],
    [
      391.0,
      432.0
    ]
  ],
  "world_points": [
    [
      1.0,
      2.0
    ],
    [
      0.0,
      2.0
    ],
    [
      -1.0,
      2.0
    ],
    [
      -1.0,
      3.0
    ],
    [
      0.0,
      3.0
    ],
    [
      2.0,
      3.0
    ]
  ]
}