{
  "H": [
    [
      -0.002783453637223805,
      0.0009308758995653346,
      1.9270966827908855
    ],
    [
      9.306206016582942e-05,
      1.744842194524052e-05,
      1.7933331216329063
    ],
    [
      3.2422920315077485e-05,
      -0.0009308758995653362,
      1.0
    ]
  ],
  "image_points": [
    [
      398.0,
      104.0
    ],
    [
      1064.0,
      94.0
    ],
    [
      1064.0,
      431.0
    ],
    [
      396.0,
      430.0
    ]
  ],
  "world_points": [
    [
      1.0,
      2.0
    ],
    [
      -1.0,
      2.0
    ],
    [
      -1.0,
      3.0
    ],
    [
      2.0,
      3.0
    ]
  ]
}