{
  "H": [
    [
      -0.0031305566832290715,
      2.81505033275925e-05,
      2.240610749500891
    ],
    [
      0.00019220003275139037,
      0.0031744902422026406,
      1.6471853281121556
    ],
    [
      5.79591193834205e-05,
      8.384995957888858e-06,
      0.9999999999999999
    ]
  ],
  "image_points": [
    [
      390.0,
      101.0
    ],
    [
      716.0,
      96.0
    ],
    [
      1056.0,
      86.0
    ],
    [
      1060.0,
      423.0
    ],
    [
      719.0,
      425.0
    ],
    [
      392.0,
      428.0
    ]
  ],
  "world_points": [
    [
      1.0,
      2.0
    ],
    [
      0.0,
      2.0
    ],
    [
      -1.0,
      2.0
    ],
    [
      -1.0,
      3.0
    ],
    [
      0.0,
      3.0
    ],
    [
      1.0,
      3.0
    ]
  ]
}