{
  "H": [
    [
      -0.00016640332965630033,
      -0.002577118233651426,
      1.54316901145598
    ],
    [
      -0.002898643079760281,
      0.0001628444444597268,
      2.0417015294036465
    ],
    [
      -7.370848107552098e-05,
      -0.0025093825474138205,
      1.0
    ]
  ],
  "image_points": [
    [
      373.0,
      190.0
    ],
    [
      1016.0,
      195.0
    ],
    [
      415.0,
      572.0
    ],
    [
      1019.0,
      533.0
    ]
  ],
  "world_points": [
    [
      2.0,
      2.0
    ],
    [
      2.0,
      -2.0
    ],
    [
      0.0,
      -2.0
    ],
    [
      0.0,
      2.0
    ]
  ]
}